[{"__type__":"cc.SceneAsset","_name":"Main","scene":{"__id__":1},"asyncLoadAssets":null},{"__type__":"cc.Scene","_name":"New Node","_children":[{"__id__":2}],"_active":false,"_anchorPoint":{"__type__":"cc.Vec2"},"_trs":{"__type__":"TypedArray","ctor":"Float64Array","array":[0,0,0,0,0,0,1,1,1,1]}},{"__type__":"cc.Node","_name":"Canvas","_parent":{"__id__":1},"_children":[{"__id__":3},{"__id__":4}],"_components":[{"__type__":"cc.Canvas","node":{"__id__":2},"_designResolution":{"__type__":"cc.Size","width":450,"height":800}},{"__type__":"cc.Widget","node":{"__id__":2},"_alignFlags":45},{"__type__":"e1bafIOfqBLz6Fi2rKB5poV","node":{"__id__":2},"pushApps":{"__id__":5}}],"_contentSize":{"__type__":"cc.Size","width":450,"height":800},"_trs":{"__type__":"TypedArray","ctor":"Float64Array","array":[225,400,0,0,0,0,1,1,1,1]},"_id":"70gZbNmnlIdppC/JJxPnAI"},{"__type__":"cc.Node","_name":"Main Camera","_parent":{"__id__":2},"_components":[{"__type__":"cc.Camera","node":{"__id__":3},"_clearFlags":7,"_depth":-1}],"_trs":{"__type__":"TypedArray","ctor":"Float64Array","array":[0,0,254.61146871262497,0,0,0,1,1,1,1]}},{"__type__":"cc.Node","_name":"push-apps","_parent":{"__id__":2},"_components":[{"__type__":"cc.Widget","node":{"__id__":4},"_alignFlags":45},{"__id__":5}],"_contentSize":{"__type__":"cc.Size","width":450,"height":800},"_trs":{"__type__":"TypedArray","ctor":"Float64Array","array":[0,0,0,0,0,0,1,1,1,1]}},{"__type__":"b3c29Z0hkJO+YG8o5HD5g94","node":{"__id__":4},"url":"https://localhost:8080/assets/qc","id":"basket"}]