[{"__type__":"cc.Prefab","_name":"pa-manager","data":{"__id__":1}},{"__type__":"cc.Node","_name":"manager","_components":[{"__type__":"cc.Widget","node":{"__id__":1},"_alignFlags":45,"_originalWidth":450,"_originalHeight":800},{"__type__":"18b19tsJmtIOLt0vsHIIxs+","node":{"__id__":1}}],"_prefab":{"__type__":"cc.PrefabInfo","root":{"__id__":1},"asset":{"__uuid__":"e06KRb/OlNAbmGcs1xWPKl"},"fileId":"3eleOvRZFEXaodldErUzFY"},"_contentSize":{"__type__":"cc.Size","width":450,"height":800},"_trs":{"__type__":"TypedArray","ctor":"Float64Array","array":[225,400,0,0,0,0,1,1,1,1]}}]