[[{"__type__":"cc.Prefab","_name":"basket","data":{"__id__":1}},{"__type__":"cc.Node","_name":"app","_children":[{"__id__":2},{"__id__":3}],"_components":[{"__type__":"cc.Widget","node":{"__id__":1},"_alignFlags":45,"_originalWidth":450,"_originalHeight":800},{"__type__":"b2d92hgAz1FO6Hp6fCN+d09","node":{"__id__":1},"id":"1224362211248752"}],"_prefab":{"__type__":"cc.PrefabInfo","root":{"__id__":1},"asset":{"__uuid__":"06x/WLRBtOJKGLaBCWWX3n"},"fileId":"3eleOvRZFEXaodldErUzFY"},"_contentSize":{"__type__":"cc.Size","width":450,"height":800},"_trs":{"__type__":"TypedArray","ctor":"Float64Array","array":[225,400,0,0,0,0,1,1,1,1]}},{"__type__":"cc.Node","_name":"bg","_parent":{"__id__":1},"_components":[{"__type__":"cc.Sprite","node":{"__id__":2},"_materials":[{"__uuid__":"ecpdLyjvZBwrvm+cedCcQy"}],"_spriteFrame":{"__uuid__":"aajdC7HChGILJGN+3tpeB4"}},{"__type__":"cc.Widget","node":{"__id__":2},"_alignFlags":45,"_originalWidth":450,"_originalHeight":800}],"_prefab":{"__type__":"cc.PrefabInfo","root":{"__id__":1},"asset":{"__uuid__":"06x/WLRBtOJKGLaBCWWX3n"},"fileId":"e8yJn3nlNEPrV8vddK4g4j"},"_contentSize":{"__type__":"cc.Size","width":450,"height":800},"_trs":{"__type__":"TypedArray","ctor":"Float64Array","array":[0,0,0,0,0,0,1,1,1,1]}},{"__type__":"cc.Node","_name":"play","_parent":{"__id__":1},"_components":[{"__type__":"cc.Sprite","node":{"__id__":3},"_materials":[{"__uuid__":"ecpdLyjvZBwrvm+cedCcQy"}],"_spriteFrame":{"__uuid__":"3dlXeG76lNc77LhzDm34pt"}},{"__type__":"cc.Button","node":{"__id__":3},"clickEvents":[{"__type__":"cc.ClickEvent","target":{"__id__":1},"_componentId":"b2d92hgAz1FO6Hp6fCN+d09","handler":"onPlay"}],"_N$transition":3,"transition":3},{"__type__":"cc.Widget","node":{"__id__":3},"_alignFlags":4,"_bottom":21}],"_prefab":{"__type__":"cc.PrefabInfo","root":{"__id__":1},"asset":{"__uuid__":"06x/WLRBtOJKGLaBCWWX3n"},"fileId":"98AWdHvYVMFalQNLI9x4Tz"},"_contentSize":{"__type__":"cc.Size","width":236,"height":108},"_trs":{"__type__":"TypedArray","ctor":"Float64Array","array":[0,-325,0,0,0,0,1,1,1,0]}}],{"__type__":"cc.JsonAsset","_name":"apps","json":{"basket":{"id":"1224362211248752","name":"Basket Hit","icon":"https://i.imgur.com/BiB1taV.png"}}},{"__type__":"cc.SpriteFrame","content":{"name":"play","texture":"48XeJ6OVJMVIHn0Ny+q5CJ","rect":[0,0,236,108],"offset":[0,0],"originalSize":[236,108],"capInsets":[0,0,0,0]}},{"__type__":"cc.Texture2D","content":"0,9729,9729,33071,33071,0,0,1"},{"__type__":"cc.Texture2D","content":"0,9729,9729,33071,33071,0,0,1"},{"__type__":"cc.JsonAsset","_name":"basket","json":{"version":0,"id":"1224362211248752","apps":{"default":{"basket":100},"vi":{"basket":50,"jumping-girl":50},"th":{"basket":90,"jumping-girl":10}},"configs":{"default":{"view-adjust":0.1,"click-adjust":0.5,"daily-index":[2,7,12,16,20]}},"rules":{"vi":{"locale":"vi"},"th":{"locale":"th"},"test":{"user":["124567890"],"set":"default"}}}},{"__type__":"cc.Texture2D","content":"1,9729,9729,33071,33071,0,0,1"},{"__type__":"cc.SpriteFrame","content":{"name":"bg","texture":"c6fnwV1Q1PS4kcGduhdEiN","rect":[0,0,450,800],"offset":[0,0],"originalSize":[450,800],"capInsets":[0,0,0,0]}},{"__type__":"cc.SpriteFrame","content":{"name":"bg","texture":"9axadkXPBFgos8OPnhQaU7","rect":[0,0,450,800],"offset":[0,0],"originalSize":[450,800],"capInsets":[0,0,0,0]}},[{"__type__":"cc.Prefab","_name":"jumping-girl","data":{"__id__":1}},{"__type__":"cc.Node","_name":"app","_children":[{"__id__":2},{"__id__":3}],"_components":[{"__type__":"cc.Widget","node":{"__id__":1},"_alignFlags":45,"_originalWidth":450,"_originalHeight":800},{"__type__":"b2d92hgAz1FO6Hp6fCN+d09","node":{"__id__":1},"id":"347909499499999"}],"_prefab":{"__type__":"cc.PrefabInfo","root":{"__id__":1},"asset":{"__uuid__":"c3H8veeP1G+bIcYaSFRNFK"},"fileId":"3eleOvRZFEXaodldErUzFY"},"_contentSize":{"__type__":"cc.Size","width":450,"height":800},"_trs":{"__type__":"TypedArray","ctor":"Float64Array","array":[225,400,0,0,0,0,1,1,1,1]}},{"__type__":"cc.Node","_name":"bg","_parent":{"__id__":1},"_components":[{"__type__":"cc.Sprite","node":{"__id__":2},"_materials":[{"__uuid__":"ecpdLyjvZBwrvm+cedCcQy"}],"_spriteFrame":{"__uuid__":"a0FdqefwlHKLF8nJzVVo7a"}},{"__type__":"cc.Widget","node":{"__id__":2},"_alignFlags":45,"_originalWidth":450,"_originalHeight":800}],"_prefab":{"__type__":"cc.PrefabInfo","root":{"__id__":1},"asset":{"__uuid__":"c3H8veeP1G+bIcYaSFRNFK"},"fileId":"e8yJn3nlNEPrV8vddK4g4j"},"_contentSize":{"__type__":"cc.Size","width":450,"height":800},"_trs":{"__type__":"TypedArray","ctor":"Float64Array","array":[0,0,0,0,0,0,1,1,1,1]}},{"__type__":"cc.Node","_name":"play","_parent":{"__id__":1},"_components":[{"__type__":"cc.Sprite","node":{"__id__":3},"_materials":[{"__uuid__":"ecpdLyjvZBwrvm+cedCcQy"}],"_spriteFrame":{"__uuid__":"d11oPkbu1Iaq3rxg5ER+xi"}},{"__type__":"cc.Button","node":{"__id__":3},"clickEvents":[{"__type__":"cc.ClickEvent","target":{"__id__":1},"_componentId":"b2d92hgAz1FO6Hp6fCN+d09","handler":"onPlay"}],"_N$transition":3,"transition":3},{"__type__":"cc.Widget","node":{"__id__":3},"_alignFlags":4,"_bottom":91.108}],"_prefab":{"__type__":"cc.PrefabInfo","root":{"__id__":1},"asset":{"__uuid__":"c3H8veeP1G+bIcYaSFRNFK"},"fileId":"98AWdHvYVMFalQNLI9x4Tz"},"_contentSize":{"__type__":"cc.Size","width":252,"height":85},"_trs":{"__type__":"TypedArray","ctor":"Float64Array","array":[0,-266.392,0,0,0,0,1,1,1,0]}}],{"__type__":"cc.Texture2D","content":"1,9729,9729,33071,33071,0,0,1"},{"__type__":"cc.SpriteFrame","content":{"name":"play","texture":"45sZMj6SJGK5OUqzgalrUv","rect":[1,0,252,85],"offset":[-1,0],"originalSize":[256,85],"capInsets":[0,0,0,0]}},[{"__type__":"cc.Prefab","_name":"pa-manager","data":{"__id__":1}},{"__type__":"cc.Node","_name":"manager","_components":[{"__type__":"cc.Widget","node":{"__id__":1},"_alignFlags":45,"_originalWidth":450,"_originalHeight":800},{"__type__":"18b19tsJmtIOLt0vsHIIxs+","node":{"__id__":1}}],"_prefab":{"__type__":"cc.PrefabInfo","root":{"__id__":1},"asset":{"__uuid__":"e06KRb/OlNAbmGcs1xWPKl"},"fileId":"3eleOvRZFEXaodldErUzFY"},"_contentSize":{"__type__":"cc.Size","width":450,"height":800},"_trs":{"__type__":"TypedArray","ctor":"Float64Array","array":[225,400,0,0,0,0,1,1,1,1]}}],{"__type__":"cc.JsonAsset","_name":"externals","json":{"images/basket/bg":"https://i.imgur.com/PDgfEAY.jpg","images/basket/play":"https://i.imgur.com/81LRFoA.png"}}]