[{"__type__":"cc.Prefab","_name":"basket","data":{"__id__":1}},{"__type__":"cc.Node","_name":"app","_children":[{"__id__":2},{"__id__":3}],"_components":[{"__type__":"b2d92hgAz1FO6Hp6fCN+d09","node":{"__id__":1},"id":"1224362211248752","bg":{"__id__":2}}],"_prefab":{"__type__":"cc.PrefabInfo","root":{"__id__":1},"asset":{"__uuid__":"06x/WLRBtOJKGLaBCWWX3n"},"fileId":"3eleOvRZFEXaodldErUzFY"},"_contentSize":{"__type__":"cc.Size","width":450,"height":800},"_trs":{"__type__":"TypedArray","ctor":"Float64Array","array":[0,0,0,0,0,0,1,1,1,1]}},{"__type__":"cc.Node","_name":"bg","_parent":{"__id__":1},"_components":[{"__type__":"cc.Sprite","node":{"__id__":2},"_materials":[{"__uuid__":"ecpdLyjvZBwrvm+cedCcQy"}],"_spriteFrame":{"__uuid__":"aajdC7HChGILJGN+3tpeB4"}}],"_prefab":{"__type__":"cc.PrefabInfo","root":{"__id__":1},"asset":{"__uuid__":"06x/WLRBtOJKGLaBCWWX3n"},"fileId":"e8yJn3nlNEPrV8vddK4g4j"},"_contentSize":{"__type__":"cc.Size","width":450,"height":800},"_trs":{"__type__":"TypedArray","ctor":"Float64Array","array":[0,0,0,0,0,0,1,1,1,1]}},{"__type__":"cc.Node","_name":"play","_parent":{"__id__":1},"_components":[{"__type__":"cc.Sprite","node":{"__id__":3},"_materials":[{"__uuid__":"ecpdLyjvZBwrvm+cedCcQy"}],"_spriteFrame":{"__uuid__":"3dlXeG76lNc77LhzDm34pt"}},{"__type__":"cc.Button","node":{"__id__":3},"clickEvents":[{"__type__":"cc.ClickEvent","target":{"__id__":1},"_componentId":"b2d92hgAz1FO6Hp6fCN+d09","handler":"onPlay"}],"_N$transition":3,"transition":3}],"_prefab":{"__type__":"cc.PrefabInfo","root":{"__id__":1},"asset":{"__uuid__":"06x/WLRBtOJKGLaBCWWX3n"},"fileId":"98AWdHvYVMFalQNLI9x4Tz"},"_contentSize":{"__type__":"cc.Size","width":236,"height":108},"_trs":{"__type__":"TypedArray","ctor":"Float64Array","array":[0,-325,0,0,0,0,1,1,1,0]}}]